material_id,true_label,failure_reason,failure_taxonomy,predicted_success_probability,predicted_failure_risk,predicted_label_t_0p05,predicted_label_t_0p10,predicted_label_t_0p15,predicted_label_t_0p20,predicted_label_t_0p25,predicted_label_t_0p30,predicted_label_t_0p40,predicted_label_t_0p50
h2_r0p620000,success,success,success,0.2347058122878886,0.7652941877121114,failure,failure,failure,failure,failure,failure,failure,failure
aln_2d,success,success,success,0.9673915343915342,0.03260846560846575,success,success,success,success,success,success,success,success
aln_2d,success,success,success,0.9673915343915342,0.03260846560846575,success,success,success,success,success,success,success,success
aln_2d,success,success,success,0.9673915343915342,0.03260846560846575,success,success,success,success,success,success,success,success
aln_2d,success,success,success,0.9673915343915342,0.03260846560846575,success,success,success,success,success,success,success,success
bulk_au,success,success,success,0.9866132906157407,0.013386709384259343,success,success,success,success,success,success,success,success
bulk_au,success,success,success,0.9866132906157407,0.013386709384259343,success,success,success,success,success,success,success,success
bulk_au,success,success,success,0.9866132906157407,0.013386709384259343,success,success,success,success,success,success,success,success
bulk_au,success,success,success,0.9866132906157407,0.013386709384259343,success,success,success,success,success,success,success,success
bulk_au,success,success,success,0.9866132906157407,0.013386709384259343,success,success,success,success,success,success,success,success
bulk_au,success,success,success,0.9866132906157407,0.013386709384259343,success,success,success,success,success,success,success,success
bulk_cspbi3,success,success,success,0.9770270815419684,0.02297291845803162,success,success,success,success,success,success,success,success
bulk_cspbi3,success,success,success,0.9770270815419684,0.02297291845803162,success,success,success,success,success,success,success,success
bulk_cspbi3,success,success,success,0.9770270815419684,0.02297291845803162,success,success,success,success,success,success,success,success
bulk_cspbi3,success,success,success,0.9770270815419684,0.02297291845803162,success,success,success,success,success,success,success,success
bulk_fe,success,success,success,0.8579691914856088,0.1420308085143912,failure,failure,success,success,success,success,success,success
bulk_fe,success,success,success,0.8579691914856088,0.1420308085143912,failure,failure,success,success,success,success,success,success
bulk_fe,success,success,success,0.8579691914856088,0.1420308085143912,failure,failure,success,success,success,success,success,success
bulk_fe,success,success,success,0.8605552935747504,0.13944470642524964,failure,failure,success,success,success,success,success,success
bulk_fe,success,success,success,0.8579691914856088,0.1420308085143912,failure,failure,success,success,success,success,success,success
bulk_fe,success,success,success,0.8579691914856088,0.1420308085143912,failure,failure,success,success,success,success,success,success
bulk_fe,success,success,success,0.8579691914856088,0.1420308085143912,failure,failure,success,success,success,success,success,success
bulk_fe,success,success,success,0.8579691914856088,0.1420308085143912,failure,failure,success,success,success,success,success,success
bulk_fe,success,success,success,0.8579691914856088,0.1420308085143912,failure,failure,success,success,success,success,success,success
bulk_fe,success,success,success,0.8579691914856088,0.1420308085143912,failure,failure,success,success,success,success,success,success
bulk_fe,success,success,success,0.8579691914856088,0.1420308085143912,failure,failure,success,success,success,success,success,success
bulk_fe,success,success,success,0.8605552935747504,0.13944470642524964,failure,failure,success,success,success,success,success,success
bulk_fe,success,success,success,0.8579691914856088,0.1420308085143912,failure,failure,success,success,success,success,success,success
bulk_fe,success,success,success,0.8605552935747504,0.13944470642524964,failure,failure,success,success,success,success,success,success
bulk_fe,success,success,success,0.8579691914856088,0.1420308085143912,failure,failure,success,success,success,success,success,success
bulk_fe,success,success,success,0.8579691914856088,0.1420308085143912,failure,failure,success,success,success,success,success,success
bulk_fe,success,success,success,0.8579691914856088,0.1420308085143912,failure,failure,success,success,success,success,success,success
bulk_fe,success,success,success,0.8579691914856088,0.1420308085143912,failure,failure,success,success,success,success,success,success
bulk_fe,success,success,success,0.8579691914856088,0.1420308085143912,failure,failure,success,success,success,success,success,success
bulk_fe,success,success,success,0.8579691914856088,0.1420308085143912,failure,failure,success,success,success,success,success,success
bulk_fe,success,success,success,0.8605552935747504,0.13944470642524964,failure,failure,success,success,success,success,success,success
bulk_fe,success,success,success,0.8579691914856088,0.1420308085143912,failure,failure,success,success,success,success,success,success
bulk_fe,success,success,success,0.8579691914856088,0.1420308085143912,failure,failure,success,success,success,success,success,success
bulk_fe,success,success,success,0.8605552935747504,0.13944470642524964,failure,failure,success,success,success,success,success,success
bulk_fe,success,success,success,0.8579691914856088,0.1420308085143912,failure,failure,success,success,success,success,success,success
bulk_fe,success,success,success,0.8605552935747504,0.13944470642524964,failure,failure,success,success,success,success,success,success
bulk_li2nav2po43,success,success,success,0.700889182789815,0.29911081721018495,failure,failure,failure,failure,failure,success,success,success
bulk_li2nav2po43,success,success,success,0.700889182789815,0.29911081721018495,failure,failure,failure,failure,failure,success,success,success
bulk_li2nav2po43,success,success,success,0.700889182789815,0.29911081721018495,failure,failure,failure,failure,failure,success,success,success
bulk_ni,success,success,success,0.8341816989222156,0.1658183010777844,failure,failure,failure,success,success,success,success,success
bulk_ni,success,success,success,0.8341816989222156,0.1658183010777844,failure,failure,failure,success,success,success,success,success
bulk_ni,success,success,success,0.8341816989222156,0.1658183010777844,failure,failure,failure,success,success,success,success,success
bulk_ni,success,success,success,0.8341816989222156,0.1658183010777844,failure,failure,failure,success,success,success,success,success
bulk_ni,success,success,success,0.8341816989222156,0.1658183010777844,failure,failure,failure,success,success,success,success,success
bulk_ni,success,success,success,0.8341816989222156,0.1658183010777844,failure,failure,failure,success,success,success,success,success
ch4_generated,success,success,success,0.4334761698023496,0.5665238301976504,failure,failure,failure,failure,failure,failure,failure,failure
ch4_generated,success,success,success,0.4334761698023496,0.5665238301976504,failure,failure,failure,failure,failure,failure,failure,failure
ch4_generated,success,success,success,0.4334761698023496,0.5665238301976504,failure,failure,failure,failure,failure,failure,failure,failure
ch4_generated,success,success,success,0.4334761698023496,0.5665238301976504,failure,failure,failure,failure,failure,failure,failure,failure
ch4_generated,success,success,success,0.4334761698023496,0.5665238301976504,failure,failure,failure,failure,failure,failure,failure,failure
ch4_generated,success,success,success,0.4334761698023496,0.5665238301976504,failure,failure,failure,failure,failure,failure,failure,failure
co_on_pt111,success,success,success,0.9959444444444443,0.004055555555555701,success,success,success,success,success,success,success,success
co_on_pt111,success,success,success,0.9959444444444443,0.004055555555555701,success,success,success,success,success,success,success,success
co_on_pt111,success,success,success,0.9959444444444443,0.004055555555555701,success,success,success,success,success,success,success,success
co_on_pt111,failure,qe_error,setup_error,0.9623502505072093,0.03764974949279065,success,success,success,success,success,success,success,success
co_on_pt111,failure,qe_error,setup_error,0.9623502505072093,0.03764974949279065,success,success,success,success,success,success,success,success
co_on_pt111,failure,qe_error,setup_error,0.9623502505072093,0.03764974949279065,success,success,success,success,success,success,success,success
co_on_pt111,failure,qe_error,setup_error,0.9623502505072093,0.03764974949279065,success,success,success,success,success,success,success,success
co_on_pt111,failure,qe_error,setup_error,0.9623502505072093,0.03764974949279065,success,success,success,success,success,success,success,success
co_on_pt111,failure,qe_error,setup_error,0.9623502505072093,0.03764974949279065,success,success,success,success,success,success,success,success
co_on_pt111,failure,qe_error,setup_error,0.9623502505072093,0.03764974949279065,success,success,success,success,success,success,success,success
co_on_pt111,failure,qe_error,setup_error,0.9623502505072093,0.03764974949279065,success,success,success,success,success,success,success,success
co_on_pt111,failure,qe_error,setup_error,0.9623502505072093,0.03764974949279065,success,success,success,success,success,success,success,success
co_on_pt111,failure,qe_error,setup_error,0.9623502505072093,0.03764974949279065,success,success,success,success,success,success,success,success
co_on_pt111,failure,qe_error,setup_error,0.9623502505072093,0.03764974949279065,success,success,success,success,success,success,success,success
co_on_pt111,failure,qe_error,setup_error,0.9623502505072093,0.03764974949279065,success,success,success,success,success,success,success,success
co_on_pt111,failure,qe_error,setup_error,0.9623502505072093,0.03764974949279065,success,success,success,success,success,success,success,success
co_on_pt111,failure,qe_error,setup_error,0.9623502505072093,0.03764974949279065,success,success,success,success,success,success,success,success
co_on_pt111,failure,qe_error,setup_error,0.9623502505072093,0.03764974949279065,success,success,success,success,success,success,success,success
co_on_pt111,failure,qe_error,setup_error,0.9623502505072093,0.03764974949279065,success,success,success,success,success,success,success,success
co_on_pt111,failure,qe_error,setup_error,0.9623502505072093,0.03764974949279065,success,success,success,success,success,success,success,success
co_on_pt111,failure,qe_error,setup_error,0.9623502505072093,0.03764974949279065,success,success,success,success,success,success,success,success
co_on_pt111,failure,qe_error,setup_error,0.9623502505072093,0.03764974949279065,success,success,success,success,success,success,success,success
co_on_pt111,failure,qe_error,setup_error,0.9623502505072093,0.03764974949279065,success,success,success,success,success,success,success,success
co_on_pt111,failure,qe_error,setup_error,0.9623502505072093,0.03764974949279065,success,success,success,success,success,success,success,success
co_on_pt111,failure,qe_error,setup_error,0.9623502505072093,0.03764974949279065,success,success,success,success,success,success,success,success
co_on_pt111,failure,qe_error,setup_error,0.9623502505072093,0.03764974949279065,success,success,success,success,success,success,success,success
co_on_pt111,failure,qe_error,setup_error,0.9623502505072093,0.03764974949279065,success,success,success,success,success,success,success,success
co_on_pt111,failure,qe_error,setup_error,0.9623502505072093,0.03764974949279065,success,success,success,success,success,success,success,success
co_on_pt111,failure,qe_error,setup_error,0.9623502505072093,0.03764974949279065,success,success,success,success,success,success,success,success
co_on_pt111,failure,qe_error,setup_error,0.9623502505072093,0.03764974949279065,success,success,success,success,success,success,success,success
co_on_pt111,failure,qe_error,setup_error,0.9623502505072093,0.03764974949279065,success,success,success,success,success,success,success,success
co_on_pt111,failure,qe_error,setup_error,0.9623502505072093,0.03764974949279065,success,success,success,success,success,success,success,success
co_on_pt111,failure,qe_error,setup_error,0.9623502505072093,0.03764974949279065,success,success,success,success,success,success,success,success
co_on_pt111,success,success,success,0.9959444444444443,0.004055555555555701,success,success,success,success,success,success,success,success
co_on_pt111,failure,qe_error,setup_error,0.9623502505072093,0.03764974949279065,success,success,success,success,success,success,success,success
co_on_pt111,failure,qe_error,setup_error,0.9623502505072093,0.03764974949279065,success,success,success,success,success,success,success,success
co_on_pt111,failure,qe_error,setup_error,0.9623502505072093,0.03764974949279065,success,success,success,success,success,success,success,success
co_on_pt111,failure,qe_error,setup_error,0.9623502505072093,0.03764974949279065,success,success,success,success,success,success,success,success
co_on_pt111,failure,qe_error,setup_error,0.9623502505072093,0.03764974949279065,success,success,success,success,success,success,success,success
co_on_pt111,failure,qe_error,setup_error,0.9623502505072093,0.03764974949279065,success,success,success,success,success,success,success,success
co_on_pt111,failure,qe_error,setup_error,0.9623502505072093,0.03764974949279065,success,success,success,success,success,success,success,success
co_on_pt111,failure,qe_error,setup_error,0.9623502505072093,0.03764974949279065,success,success,success,success,success,success,success,success
co_on_pt111,failure,qe_error,setup_error,0.9623502505072093,0.03764974949279065,success,success,success,success,success,success,success,success
co_on_pt111,failure,qe_error,setup_error,0.9623502505072093,0.03764974949279065,success,success,success,success,success,success,success,success
co_on_pt111,failure,qe_error,setup_error,0.9623502505072093,0.03764974949279065,success,success,success,success,success,success,success,success
co_on_pt111,failure,qe_error,setup_error,0.9623502505072093,0.03764974949279065,success,success,success,success,success,success,success,success
co_on_pt111,failure,qe_error,setup_error,0.9623502505072093,0.03764974949279065,success,success,success,success,success,success,success,success
co_on_pt111,failure,qe_error,setup_error,0.9623502505072093,0.03764974949279065,success,success,success,success,success,success,success,success
co_on_pt111,failure,qe_error,setup_error,0.9623502505072093,0.03764974949279065,success,success,success,success,success,success,success,success
co_on_pt111,failure,qe_error,setup_error,0.9623502505072093,0.03764974949279065,success,success,success,success,success,success,success,success
co_on_pt111,failure,qe_error,setup_error,0.9623502505072093,0.03764974949279065,success,success,success,success,success,success,success,success
co_on_pt111,failure,qe_error,setup_error,0.9623502505072093,0.03764974949279065,success,success,success,success,success,success,success,success
co_on_pt111,failure,qe_error,setup_error,0.9623502505072093,0.03764974949279065,success,success,success,success,success,success,success,success
co_on_pt111,failure,qe_error,setup_error,0.9623502505072093,0.03764974949279065,success,success,success,success,success,success,success,success
co_on_pt111,failure,qe_error,setup_error,0.9623502505072093,0.03764974949279065,success,success,success,success,success,success,success,success
co_on_pt111,failure,qe_error,setup_error,0.9623502505072093,0.03764974949279065,success,success,success,success,success,success,success,success
co_on_pt111,failure,qe_error,setup_error,0.9623502505072093,0.03764974949279065,success,success,success,success,success,success,success,success
co_on_pt111,failure,qe_error,setup_error,0.9623502505072093,0.03764974949279065,success,success,success,success,success,success,success,success
co_on_pt111,failure,qe_error,setup_error,0.9623502505072093,0.03764974949279065,success,success,success,success,success,success,success,success
co_on_pt111,failure,qe_error,setup_error,0.9623502505072093,0.03764974949279065,success,success,success,success,success,success,success,success
co_on_pt111,failure,qe_error,setup_error,0.9623502505072093,0.03764974949279065,success,success,success,success,success,success,success,success
co_on_pt111,failure,qe_error,setup_error,0.9623502505072093,0.03764974949279065,success,success,success,success,success,success,success,success
co_on_pt111,failure,qe_error,setup_error,0.9623502505072093,0.03764974949279065,success,success,success,success,success,success,success,success
co_on_pt111,failure,qe_error,setup_error,0.9623502505072093,0.03764974949279065,success,success,success,success,success,success,success,success
co_on_pt111,failure,qe_error,setup_error,0.9623502505072093,0.03764974949279065,success,success,success,success,success,success,success,success
co_on_pt111,failure,qe_error,setup_error,0.9623502505072093,0.03764974949279065,success,success,success,success,success,success,success,success
co_on_pt111,failure,qe_error,setup_error,0.9623502505072093,0.03764974949279065,success,success,success,success,success,success,success,success
co_on_pt111,failure,qe_error,setup_error,0.9623502505072093,0.03764974949279065,success,success,success,success,success,success,success,success
co_on_pt111,failure,qe_error,setup_error,0.9623502505072093,0.03764974949279065,success,success,success,success,success,success,success,success
co_on_pt111,failure,qe_error,setup_error,0.9623502505072093,0.03764974949279065,success,success,success,success,success,success,success,success
co_on_pt111,failure,qe_error,setup_error,0.9623502505072093,0.03764974949279065,success,success,success,success,success,success,success,success
co_on_pt111,failure,qe_error,setup_error,0.9623502505072093,0.03764974949279065,success,success,success,success,success,success,success,success
co_on_pt111,failure,qe_error,setup_error,0.9623502505072093,0.03764974949279065,success,success,success,success,success,success,success,success
co_on_pt111,failure,qe_error,setup_error,0.9623502505072093,0.03764974949279065,success,success,success,success,success,success,success,success
co_on_pt111,failure,qe_error,setup_error,0.9623502505072093,0.03764974949279065,success,success,success,success,success,success,success,success
co_on_pt111,failure,qe_error,setup_error,0.9623502505072093,0.03764974949279065,success,success,success,success,success,success,success,success
co_on_pt111,failure,qe_error,setup_error,0.9623502505072093,0.03764974949279065,success,success,success,success,success,success,success,success
co_on_pt111,failure,qe_error,setup_error,0.9623502505072093,0.03764974949279065,success,success,success,success,success,success,success,success
co_on_pt111,failure,qe_error,setup_error,0.9623502505072093,0.03764974949279065,success,success,success,success,success,success,success,success
co_on_pt111,failure,qe_error,setup_error,0.9623502505072093,0.03764974949279065,success,success,success,success,success,success,success,success
co_on_pt111,failure,qe_error,setup_error,0.9623502505072093,0.03764974949279065,success,success,success,success,success,success,success,success
co_on_pt111,failure,qe_error,setup_error,0.9623502505072093,0.03764974949279065,success,success,success,success,success,success,success,success
co_on_pt111,failure,qe_error,setup_error,0.9623502505072093,0.03764974949279065,success,success,success,success,success,success,success,success
co_on_pt111,failure,qe_error,setup_error,0.9623502505072093,0.03764974949279065,success,success,success,success,success,success,success,success
co_on_pt111,failure,qe_error,setup_error,0.9623502505072093,0.03764974949279065,success,success,success,success,success,success,success,success
co_on_pt111,failure,qe_error,setup_error,0.9623502505072093,0.03764974949279065,success,success,success,success,success,success,success,success
co_on_pt111,failure,qe_error,setup_error,0.9623502505072093,0.03764974949279065,success,success,success,success,success,success,success,success
co_on_pt111,failure,qe_error,setup_error,0.9623502505072093,0.03764974949279065,success,success,success,success,success,success,success,success
co_on_pt111,failure,qe_error,setup_error,0.9623502505072093,0.03764974949279065,success,success,success,success,success,success,success,success
co_on_pt111,failure,qe_error,setup_error,0.9623502505072093,0.03764974949279065,success,success,success,success,success,success,success,success
co_on_pt111,failure,qe_error,setup_error,0.9623502505072093,0.03764974949279065,success,success,success,success,success,success,success,success
co_on_pt111,failure,qe_error,setup_error,0.9623502505072093,0.03764974949279065,success,success,success,success,success,success,success,success
co_on_pt111,failure,qe_error,setup_error,0.9623502505072093,0.03764974949279065,success,success,success,success,success,success,success,success
co_on_pt111,failure,qe_error,setup_error,0.9623502505072093,0.03764974949279065,success,success,success,success,success,success,success,success
co_on_pt111,failure,qe_error,setup_error,0.9623502505072093,0.03764974949279065,success,success,success,success,success,success,success,success
co_on_pt111,failure,qe_error,setup_error,0.9623502505072093,0.03764974949279065,success,success,success,success,success,success,success,success
co_on_pt111,failure,qe_error,setup_error,0.9623502505072093,0.03764974949279065,success,success,success,success,success,success,success,success
co_on_pt111,failure,qe_error,setup_error,0.9623502505072093,0.03764974949279065,success,success,success,success,success,success,success,success
co_on_pt111,failure,qe_error,setup_error,0.9623502505072093,0.03764974949279065,success,success,success,success,success,success,success,success
co_on_pt111,failure,qe_error,setup_error,0.9623502505072093,0.03764974949279065,success,success,success,success,success,success,success,success
co_on_pt111,failure,qe_error,setup_error,0.9623502505072093,0.03764974949279065,success,success,success,success,success,success,success,success
co_on_pt111,failure,qe_error,setup_error,0.9623502505072093,0.03764974949279065,success,success,success,success,success,success,success,success
co_on_pt111,failure,qe_error,setup_error,0.9623502505072093,0.03764974949279065,success,success,success,success,success,success,success,success
co_on_pt111,failure,qe_error,setup_error,0.9623502505072093,0.03764974949279065,success,success,success,success,success,success,success,success
co_on_pt111,failure,qe_error,setup_error,0.9623502505072093,0.03764974949279065,success,success,success,success,success,success,success,success
co_on_pt111,failure,qe_error,setup_error,0.9623502505072093,0.03764974949279065,success,success,success,success,success,success,success,success
co_on_pt111,failure,qe_error,setup_error,0.9623502505072093,0.03764974949279065,success,success,success,success,success,success,success,success
co_on_pt111,failure,qe_error,setup_error,0.9623502505072093,0.03764974949279065,success,success,success,success,success,success,success,success
co_on_pt111,failure,qe_error,setup_error,0.9623502505072093,0.03764974949279065,success,success,success,success,success,success,success,success
co_on_pt111,failure,qe_error,setup_error,0.9623502505072093,0.03764974949279065,success,success,success,success,success,success,success,success
co_on_pt111,failure,qe_error,setup_error,0.9623502505072093,0.03764974949279065,success,success,success,success,success,success,success,success
co_on_pt111,failure,qe_error,setup_error,0.9623502505072093,0.03764974949279065,success,success,success,success,success,success,success,success
co_on_pt111,failure,qe_error,setup_error,0.9623502505072093,0.03764974949279065,success,success,success,success,success,success,success,success
co_on_pt111,failure,qe_error,setup_error,0.9623502505072093,0.03764974949279065,success,success,success,success,success,success,success,success
co_on_pt111,failure,qe_error,setup_error,0.9623502505072093,0.03764974949279065,success,success,success,success,success,success,success,success
co_on_pt111,failure,qe_error,setup_error,0.9623502505072093,0.03764974949279065,success,success,success,success,success,success,success,success
co_on_pt111,failure,qe_error,setup_error,0.9623502505072093,0.03764974949279065,success,success,success,success,success,success,success,success
co_on_pt111,failure,qe_error,setup_error,0.9623502505072093,0.03764974949279065,success,success,success,success,success,success,success,success
co_on_pt111,failure,qe_error,setup_error,0.9623502505072093,0.03764974949279065,success,success,success,success,success,success,success,success
co_on_pt111,failure,qe_error,setup_error,0.9623502505072093,0.03764974949279065,success,success,success,success,success,success,success,success
co_on_pt111,failure,qe_error,setup_error,0.9623502505072093,0.03764974949279065,success,success,success,success,success,success,success,success
co_on_pt111,failure,qe_error,setup_error,0.9623502505072093,0.03764974949279065,success,success,success,success,success,success,success,success
co_on_pt111,failure,qe_error,setup_error,0.9623502505072093,0.03764974949279065,success,success,success,success,success,success,success,success
co_on_pt111,failure,qe_error,setup_error,0.9623502505072093,0.03764974949279065,success,success,success,success,success,success,success,success
co_on_pt111,success,success,success,0.9959444444444443,0.004055555555555701,success,success,success,success,success,success,success,success
co_on_pt111,success,success,success,0.9959444444444443,0.004055555555555701,success,success,success,success,success,success,success,success
co_on_pt111,success,success,success,0.9959444444444443,0.004055555555555701,success,success,success,success,success,success,success,success
co_on_pt111,success,success,success,0.9959444444444443,0.004055555555555701,success,success,success,success,success,success,success,success
hbn,success,success,success,0.9561493531624393,0.04385064683756068,success,success,success,success,success,success,success,success
hbn,success,success,success,0.9561493531624393,0.04385064683756068,success,success,success,success,success,success,success,success
hbn,success,success,success,0.9561493531624393,0.04385064683756068,success,success,success,success,success,success,success,success
hbn,success,success,success,0.9561493531624393,0.04385064683756068,success,success,success,success,success,success,success,success
hbn,success,success,success,0.9561493531624393,0.04385064683756068,success,success,success,success,success,success,success,success
hbn,success,success,success,0.9561493531624393,0.04385064683756068,success,success,success,success,success,success,success,success
n2,success,success,success,0.8945716812604565,0.1054283187395435,failure,failure,success,success,success,success,success,success
n2,success,success,success,0.8945716812604565,0.1054283187395435,failure,failure,success,success,success,success,success,success
n2,success,success,success,0.8945716812604565,0.1054283187395435,failure,failure,success,success,success,success,success,success
n2,success,success,success,0.8945716812604565,0.1054283187395435,failure,failure,success,success,success,success,success,success
n2,success,success,success,0.8945716812604565,0.1054283187395435,failure,failure,success,success,success,success,success,success
n2,success,success,success,0.8945716812604565,0.1054283187395435,failure,failure,success,success,success,success,success,success
o_on_ni111,success,success,success,0.9699261172938708,0.030073882706129207,success,success,success,success,success,success,success,success
o_on_ni111,success,success,success,0.9699261172938708,0.030073882706129207,success,success,success,success,success,success,success,success
o_on_ni111,failure,qe_error,setup_error,0.8801644924941588,0.11983550750584115,failure,failure,success,success,success,success,success,success
o_on_ni111,failure,qe_error,setup_error,0.8801644924941588,0.11983550750584115,failure,failure,success,success,success,success,success,success
o_on_ni111,failure,qe_error,setup_error,0.8801644924941588,0.11983550750584115,failure,failure,success,success,success,success,success,success
o_on_ni111,failure,qe_error,setup_error,0.8801644924941588,0.11983550750584115,failure,failure,success,success,success,success,success,success
o_on_ni111,failure,qe_error,setup_error,0.8801644924941588,0.11983550750584115,failure,failure,success,success,success,success,success,success
o_on_ni111,failure,qe_error,setup_error,0.8801644924941588,0.11983550750584115,failure,failure,success,success,success,success,success,success
o_on_ni111,failure,qe_error,setup_error,0.8801644924941588,0.11983550750584115,failure,failure,success,success,success,success,success,success
o_on_ni111,failure,qe_error,setup_error,0.8801644924941588,0.11983550750584115,failure,failure,success,success,success,success,success,success
o_on_ni111,failure,qe_error,setup_error,0.8801644924941588,0.11983550750584115,failure,failure,success,success,success,success,success,success
o_on_ni111,failure,qe_error,setup_error,0.8801644924941588,0.11983550750584115,failure,failure,success,success,success,success,success,success
o_on_ni111,failure,qe_error,setup_error,0.8801644924941588,0.11983550750584115,failure,failure,success,success,success,success,success,success
o_on_ni111,failure,qe_error,setup_error,0.8801644924941588,0.11983550750584115,failure,failure,success,success,success,success,success,success
o_on_ni111,failure,qe_error,setup_error,0.8801644924941588,0.11983550750584115,failure,failure,success,success,success,success,success,success
o_on_ni111,failure,qe_error,setup_error,0.8801644924941588,0.11983550750584115,failure,failure,success,success,success,success,success,success
o_on_ni111,failure,qe_error,setup_error,0.8801644924941588,0.11983550750584115,failure,failure,success,success,success,success,success,success
o_on_ni111,failure,qe_error,setup_error,0.8801644924941588,0.11983550750584115,failure,failure,success,success,success,success,success,success
o_on_ni111,failure,qe_error,setup_error,0.8801644924941588,0.11983550750584115,failure,failure,success,success,success,success,success,success
o_on_ni111,failure,qe_error,setup_error,0.8801644924941588,0.11983550750584115,failure,failure,success,success,success,success,success,success
o_on_ni111,failure,qe_error,setup_error,0.8801644924941588,0.11983550750584115,failure,failure,success,success,success,success,success,success
o_on_ni111,failure,qe_error,setup_error,0.8801644924941588,0.11983550750584115,failure,failure,success,success,success,success,success,success
o_on_ni111,failure,qe_error,setup_error,0.8801644924941588,0.11983550750584115,failure,failure,success,success,success,success,success,success
o_on_ni111,failure,qe_error,setup_error,0.8801644924941588,0.11983550750584115,failure,failure,success,success,success,success,success,success
o_on_ni111,failure,qe_error,setup_error,0.8801644924941588,0.11983550750584115,failure,failure,success,success,success,success,success,success
o_on_ni111,failure,qe_error,setup_error,0.8801644924941588,0.11983550750584115,failure,failure,success,success,success,success,success,success
o_on_ni111,failure,qe_error,setup_error,0.8801644924941588,0.11983550750584115,failure,failure,success,success,success,success,success,success
o_on_ni111,failure,qe_error,setup_error,0.8801644924941588,0.11983550750584115,failure,failure,success,success,success,success,success,success
o_on_ni111,failure,qe_error,setup_error,0.8801644924941588,0.11983550750584115,failure,failure,success,success,success,success,success,success
o_on_ni111,failure,qe_error,setup_error,0.8801644924941588,0.11983550750584115,failure,failure,success,success,success,success,success,success
o_on_ni111,failure,qe_error,setup_error,0.8801644924941588,0.11983550750584115,failure,failure,success,success,success,success,success,success
o_on_ni111,failure,qe_error,setup_error,0.8801644924941588,0.11983550750584115,failure,failure,success,success,success,success,success,success
o_on_ni111,success,success,success,0.9699261172938708,0.030073882706129207,success,success,success,success,success,success,success,success
o_on_ni111,failure,qe_error,setup_error,0.8801644924941588,0.11983550750584115,failure,failure,success,success,success,success,success,success
o_on_ni111,failure,qe_error,setup_error,0.8801644924941588,0.11983550750584115,failure,failure,success,success,success,success,success,success
o_on_ni111,failure,qe_error,setup_error,0.8801644924941588,0.11983550750584115,failure,failure,success,success,success,success,success,success
o_on_ni111,failure,qe_error,setup_error,0.8801644924941588,0.11983550750584115,failure,failure,success,success,success,success,success,success
o_on_ni111,failure,qe_error,setup_error,0.8801644924941588,0.11983550750584115,failure,failure,success,success,success,success,success,success
o_on_ni111,failure,qe_error,setup_error,0.8801644924941588,0.11983550750584115,failure,failure,success,success,success,success,success,success
o_on_ni111,failure,qe_error,setup_error,0.8801644924941588,0.11983550750584115,failure,failure,success,success,success,success,success,success
o_on_ni111,failure,qe_error,setup_error,0.8801644924941588,0.11983550750584115,failure,failure,success,success,success,success,success,success
o_on_ni111,failure,qe_error,setup_error,0.8801644924941588,0.11983550750584115,failure,failure,success,success,success,success,success,success
o_on_ni111,failure,qe_error,setup_error,0.8801644924941588,0.11983550750584115,failure,failure,success,success,success,success,success,success
o_on_ni111,failure,qe_error,setup_error,0.8801644924941588,0.11983550750584115,failure,failure,success,success,success,success,success,success
o_on_ni111,failure,qe_error,setup_error,0.8801644924941588,0.11983550750584115,failure,failure,success,success,success,success,success,success
o_on_ni111,failure,qe_error,setup_error,0.8801644924941588,0.11983550750584115,failure,failure,success,success,success,success,success,success
o_on_ni111,failure,qe_error,setup_error,0.8801644924941588,0.11983550750584115,failure,failure,success,success,success,success,success,success
o_on_ni111,failure,qe_error,setup_error,0.8801644924941588,0.11983550750584115,failure,failure,success,success,success,success,success,success
o_on_ni111,failure,qe_error,setup_error,0.8801644924941588,0.11983550750584115,failure,failure,success,success,success,success,success,success
o_on_ni111,failure,qe_error,setup_error,0.8801644924941588,0.11983550750584115,failure,failure,success,success,success,success,success,success
o_on_ni111,failure,qe_error,setup_error,0.8801644924941588,0.11983550750584115,failure,failure,success,success,success,success,success,success
o_on_ni111,failure,qe_error,setup_error,0.8801644924941588,0.11983550750584115,failure,failure,success,success,success,success,success,success
o_on_ni111,failure,qe_error,setup_error,0.8801644924941588,0.11983550750584115,failure,failure,success,success,success,success,success,success
o_on_ni111,failure,qe_error,setup_error,0.8801644924941588,0.11983550750584115,failure,failure,success,success,success,success,success,success
o_on_ni111,failure,qe_error,setup_error,0.8801644924941588,0.11983550750584115,failure,failure,success,success,success,success,success,success
o_on_ni111,failure,qe_error,setup_error,0.8801644924941588,0.11983550750584115,failure,failure,success,success,success,success,success,success
o_on_ni111,failure,qe_error,setup_error,0.8801644924941588,0.11983550750584115,failure,failure,success,success,success,success,success,success
o_on_ni111,failure,qe_error,setup_error,0.8801644924941588,0.11983550750584115,failure,failure,success,success,success,success,success,success
o_on_ni111,failure,qe_error,setup_error,0.8801644924941588,0.11983550750584115,failure,failure,success,success,success,success,success,success
o_on_ni111,failure,qe_error,setup_error,0.8801644924941588,0.11983550750584115,failure,failure,success,success,success,success,success,success
o_on_ni111,failure,qe_error,setup_error,0.8801644924941588,0.11983550750584115,failure,failure,success,success,success,success,success,success
o_on_ni111,failure,qe_error,setup_error,0.8801644924941588,0.11983550750584115,failure,failure,success,success,success,success,success,success
o_on_ni111,failure,qe_error,setup_error,0.8801644924941588,0.11983550750584115,failure,failure,success,success,success,success,success,success
o_on_ni111,success,success,success,0.9699261172938708,0.030073882706129207,success,success,success,success,success,success,success,success
o_on_ni111,success,success,success,0.9699261172938708,0.030073882706129207,success,success,success,success,success,success,success,success
o_on_ni111,success,success,success,0.9699261172938708,0.030073882706129207,success,success,success,success,success,success,success,success
o_on_ni111,success,success,success,0.9699261172938708,0.030073882706129207,success,success,success,success,success,success,success,success
o_on_ni111,failure,scf_not_converged,scf_not_converged,0.9699261172938708,0.030073882706129207,success,success,success,success,success,success,success,success
o_on_ni111,failure,scf_not_converged,scf_not_converged,0.9699261172938708,0.030073882706129207,success,success,success,success,success,success,success,success
o_on_ni111,failure,scf_not_converged,scf_not_converged,0.9699261172938708,0.030073882706129207,success,success,success,success,success,success,success,success
silicene,success,success,success,0.5426003622220174,0.45739963777798265,failure,failure,failure,failure,failure,failure,failure,success
silicene,success,success,success,0.5426003622220174,0.45739963777798265,failure,failure,failure,failure,failure,failure,failure,success
silicene,success,success,success,0.5426003622220174,0.45739963777798265,failure,failure,failure,failure,failure,failure,failure,success
silicene,success,success,success,0.5426003622220174,0.45739963777798265,failure,failure,failure,failure,failure,failure,failure,success
silicene,success,success,success,0.5426003622220174,0.45739963777798265,failure,failure,failure,failure,failure,failure,failure,success
silicene,success,success,success,0.5426003622220174,0.45739963777798265,failure,failure,failure,failure,failure,failure,failure,success
